{
	"format_version": "1.8.0",
	"animations": {
		"idle": {
			"loop": true,
			"animation_length": 3.5625,
			"bones": {
				"eyes": {
					"position": {
						"0.0": {
							"vector": [-0.8, 0, 0]
						},
						"1.0": {
							"vector": [-0.35, -0.1, 0],
							"easing": "easeOutQuart"
						},
						"2.3125": {
							"vector": [-0.06, -0.07, 0],
							"easing": "easeOutQuint"
						},
						"3.5625": {
							"vector": [-0.8, 0, 0],
							"easing": "easeInOutSine"
						}
					}
				},
				"jaw": {
					"rotation": {
						"0.0": {
							"vector": [0, 0, 0]
						},
						"1.75": {
							"vector": [-25.64479, 0, 0],
							"easing": "easeInOutQuad"
						},
						"3.5625": {
							"vector": [0, 0, 0],
							"easing": "easeInOutQuad"
						}
					}
				},
				"link1": {
					"rotation": {
						"0.0": [4.96974, 0, 0],
						"0.0625": [4.92489, 0, 0],
						"0.125": [4.86881, 0, 0],
						"0.1875": [4.6893, 0, 0],
						"0.25": [4.56584, 0, 0],
						"0.3125": [4.25138, 0, 0],
						"0.375": [4.06033, 0, 0],
						"0.4375": [3.61045, 0, 0],
						"0.5": [3.35156, 0, 0],
						"0.5625": [2.76576, 0, 0],
						"0.625": [2.43881, 0, 0],
						"0.6875": [1.71672, 0, 0],
						"0.75": [1.32158, 0, 0],
						"0.8125": [0.46319, 0, 0],
						"0.875": [0, 0, 0],
						"0.9375": [-0.90373, 0, 0],
						"1.0": [-1.32158, 0, 0],
						"1.0625": [-2.08913, 0, 0],
						"1.125": [-2.43881, 0, 0],
						"1.1875": [-3.07001, 0, 0],
						"1.25": [-3.35156, 0, 0],
						"1.3125": [-3.84669, 0, 0],
						"1.375": [-4.06033, 0, 0],
						"1.4375": [-4.41987, 0, 0],
						"1.5": [-4.56584, 0, 0],
						"1.5625": [-4.79029, 0, 0],
						"1.625": [-4.86881, 0, 0],
						"1.6875": [-4.95853, 0, 0],
						"1.75": [-4.96974, 0, 0],
						"1.8125": [-4.92793, 0, 0],
						"1.875": [-4.87565, 0, 0],
						"1.9375": [-4.70832, 0, 0],
						"2.0": [-4.59323, 0, 0],
						"2.0625": [-4.30011, 0, 0],
						"2.125": [-4.12203, 0, 0],
						"2.1875": [-3.70272, 0, 0],
						"2.25": [-3.46143, 0, 0],
						"2.3125": [-2.91547, 0, 0],
						"2.375": [-2.61076, 0, 0],
						"2.4375": [-1.93779, 0, 0],
						"2.5": [-1.56952, 0, 0],
						"2.5625": [-0.76944, 0, 0],
						"2.625": [-0.33767, 0, 0],
						"2.6875": [0.5562, 0, 0],
						"2.75": [0.9774, 0, 0],
						"2.8125": [1.7563, 0, 0],
						"2.875": [2.11398, 0, 0],
						"2.9375": [2.76576, 0, 0],
						"3.0": [3.05989, 0, 0],
						"3.0625": [3.58471, 0, 0],
						"3.125": [3.81545, 0, 0],
						"3.1875": [4.2137, 0, 0],
						"3.25": [4.38126, 0, 0],
						"3.3125": [4.65339, 0, 0],
						"3.375": [4.758, 0, 0],
						"3.4375": [4.9044, 0, 0],
						"3.5": [4.94622, 0, 0],
						"3.5625": [4.96713, 0, 0]
					}
				},
				"link2": {
					"rotation": {
						"0.0": [6.00901, 0, 0],
						"0.0625": [5.9549, 0, 0],
						"0.125": [5.88724, 0, 0],
						"0.1875": [5.67065, 0, 0],
						"0.25": [5.52164, 0, 0],
						"0.3125": [5.14202, 0, 0],
						"0.375": [4.91131, 0, 0],
						"0.4375": [4.36785, 0, 0],
						"0.5": [4.055, 0, 0],
						"0.5625": [3.34682, 0, 0],
						"0.625": [2.95141, 0, 0],
						"0.6875": [2.07785, 0, 0],
						"0.75": [1.59968, 0, 0],
						"0.8125": [0.5607, 0, 0],
						"0.875": [0, 0, 0],
						"0.9375": [-1.09395, 0, 0],
						"1.0": [-1.59968, 0, 0],
						"1.0625": [-2.52843, 0, 0],
						"1.125": [-2.95141, 0, 0],
						"1.1875": [-3.71467, 0, 0],
						"1.25": [-4.055, 0, 0],
						"1.3125": [-4.65327, 0, 0],
						"1.375": [-4.91131, 0, 0],
						"1.4375": [-5.34545, 0, 0],
						"1.5": [-5.52164, 0, 0],
						"1.5625": [-5.7925, 0, 0],
						"1.625": [-5.88724, 0, 0],
						"1.6875": [-5.99548, 0, 0],
						"1.75": [-6.00901, 0, 0],
						"1.8125": [-5.95856, 0, 0],
						"1.875": [-5.8955, 0, 0],
						"1.9375": [-5.69359, 0, 0],
						"2.0": [-5.5547, 0, 0],
						"2.0625": [-5.20086, 0, 0],
						"2.125": [-4.98583, 0, 0],
						"2.1875": [-4.47934, 0, 0],
						"2.25": [-4.18779, 0, 0],
						"2.3125": [-3.52784, 0, 0],
						"2.375": [-3.15937, 0, 0],
						"2.4375": [-2.34533, 0, 0],
						"2.5": [-1.89972, 0, 0],
						"2.5625": [-0.9314, 0, 0],
						"2.625": [-0.40876, 0, 0],
						"2.6875": [0.67328, 0, 0],
						"2.75": [1.18311, 0, 0],
						"2.8125": [2.12574, 0, 0],
						"2.875": [2.55848, 0, 0],
						"2.9375": [3.34682, 0, 0],
						"3.0": [3.70244, 0, 0],
						"3.0625": [4.33676, 0, 0],
						"3.125": [4.61553, 0, 0],
						"3.1875": [5.09653, 0, 0],
						"3.25": [5.29884, 0, 0],
						"3.3125": [5.62731, 0, 0],
						"3.375": [5.75355, 0, 0],
						"3.4375": [5.93019, 0, 0],
						"3.5": [5.98063, 0, 0],
						"3.5625": [6.00585, 0, 0]
					}
				},
				"link3": {
					"rotation": {
						"0.0": [7.59464, 0, 0],
						"0.0625": [7.52655, 0, 0],
						"0.125": [7.44141, 0, 0],
						"0.1875": [7.16872, 0, 0],
						"0.25": [6.98106, 0, 0],
						"0.3125": [6.5027, 0, 0],
						"0.375": [6.21182, 0, 0],
						"0.4375": [5.52616, 0, 0],
						"0.5": [5.13117, 0, 0],
						"0.5625": [4.23639, 0, 0],
						"0.625": [3.73646, 0, 0],
						"0.6875": [2.63124, 0, 0],
						"0.75": [2.02594, 0, 0],
						"0.8125": [0.71021, 0, 0],
						"0.875": [0, 0, 0],
						"0.9375": [-1.38557, 0, 0],
						"1.0": [-2.02594, 0, 0],
						"1.0625": [-3.20142, 0, 0],
						"1.125": [-3.73646, 0, 0],
						"1.1875": [-4.70127, 0, 0],
						"1.25": [-5.13117, 0, 0],
						"1.3125": [-5.88634, 0, 0],
						"1.375": [-6.21182, 0, 0],
						"1.4375": [-6.75908, 0, 0],
						"1.5": [-6.98106, 0, 0],
						"1.5625": [-7.32215, 0, 0],
						"1.625": [-7.44141, 0, 0],
						"1.6875": [-7.57762, 0, 0],
						"1.75": [-7.59464, 0, 0],
						"1.8125": [-7.53117, 0, 0],
						"1.875": [-7.45179, 0, 0],
						"1.9375": [-7.19761, 0, 0],
						"2.0": [-7.0227, 0, 0],
						"2.0625": [-6.57687, 0, 0],
						"2.125": [-6.30579, 0, 0],
						"2.1875": [-5.66687, 0, 0],
						"2.25": [-5.29884, 0, 0],
						"2.3125": [-4.46519, 0, 0],
						"2.375": [-3.99943, 0, 0],
						"2.4375": [-2.96974, 0, 0],
						"2.5": [-2.40578, 0, 0],
						"2.5625": [-1.17971, 0, 0],
						"2.625": [-0.51776, 0, 0],
						"2.6875": [0.8528, 0, 0],
						"2.75": [1.49848, 0, 0],
						"2.8125": [2.69186, 0, 0],
						"2.875": [3.23944, 0, 0],
						"2.9375": [4.23639, 0, 0],
						"3.0": [4.68583, 0, 0],
						"3.0625": [5.48691, 0, 0],
						"3.125": [5.83873, 0, 0],
						"3.1875": [6.44535, 0, 0],
						"3.25": [6.70035, 0, 0],
						"3.3125": [7.11415, 0, 0],
						"3.375": [7.2731, 0, 0],
						"3.4375": [7.49545, 0, 0],
						"3.5": [7.55894, 0, 0],
						"3.5625": [7.59068, 0, 0]
					}
				}
			}
		}
	}
}